Player,Category
,Overseas
= Overseas player,Overseas
Aaqib Khan,Indian
Aaron Varghese,Indian
Aarya Desai,Indian
Abdul Bazith,Indian
Abhilash Shetty,Indian
Abhimanyu Easwaran,Indian
Abhimanyusingh Rajput,Indian
Abhinav Manohar,Indian
Abhinav Tejrana,Indian
Abhishek Pathak,Indian
Abid Mushtaq,Indian
Ackeem Auguste,Overseas
Adam Milne,Overseas
Adarsh Singh,Indian
Ahammed Imran,Indian
Ajitesh Guruswamy,Indian
Akash Deep,Indian
Akash Madhwal,Indian
Akash Pugazhanthi,Indian
Akeal Hosein,Overseas
Akhil Scaria,Indian
Akshat Raghuwanshi,Indian
Akshu Bajwa,Indian
Alzarri Joseph,Overseas
Aman Khan,Indian
Aman Rao Perala,Indian
Aman Shekhawat,Indian
Amit Kumar,Indian
Ankit Kumar,Indian
Anmolpreet Singh,Indian
Anrich Nortje,Overseas
Anuj Thakral,Indian
Arab Gul,Overseas
Arfaz Mohammad,Indian
Arpit Guleria,Indian
Arpit Rana,Indian
Arsh Kabir Ranga,Indian
Aryaman Singh Dhaliwal,Indian
Ashok Sharma,Indian
Atal Rai,Indian
Atharva Ankolekar,Indian
Atharva Taide,Indian
Atif Mushtaq,Indian
Atit Sheth,Indian
Auqib Dar,Indian
Ayaz Khan,Indian
Ayush Doseja,Indian
Ayush Vartak,Indian
Bailapudi Yeswanth,Indian
Bal Krishna,Indian
Bayanda Majola,Overseas
Beau Webster,Overseas
Ben Duckett,Overseas
Ben Dwarshuis,Overseas
Ben Sears,Overseas
Benjamin McDermott,Overseas
Bevon-John Jacobs,Overseas
Bhanu Pania,Indian
Billy Stanlake,Overseas
Binura Fernando,Overseas
Bipin Saurabh,Indian
Blessing Muzarabani,Overseas
Brijesh Sharma,Indian
C.Rakshann Readdi,Indian
Cameron Green,Overseas
Chama Milind,Indian
Charith Asalanka,Overseas
Chetan Sakariya,Indian
Chintal Gandhi,Indian
Chris Green,Overseas
Connor Esterhuizen,Overseas
Cooper Connolly,Overseas
Daksh Kamra,Indian
Daniel Lategan,Overseas
Daniel Lawrence,Overseas
Daniel Sams,Overseas
Danish Malewar,Indian
Darshan Nalkande,Indian
Daryl Mitchell,Overseas
Dasun Shanaka,Overseas
David Miller,Overseas
Deepak Hooda,Indian
Deependra Singh,Indian
Delano Potgieter,Overseas
Devon Conway,Overseas
Dharmendrasinh Jadeja,Indian
Dhurmil Matkar,Indian
Dian Forrester,Overseas
Divesh Sharma,Indian
Dunith Wellalage,Overseas
Dwaine Pretorius,Overseas
Eathan Bosch,Overseas
Edhen Tom,Indian
Emanjot Chahal,Indian
Esakkimuthu Ayyakutti,Indian
Fazalhaq Farooqi,Overseas
Finn Allen,Overseas
George Garton,Overseas
George Linde,Overseas
Gerald Coetzee,Overseas
Gulbadin Naib,Overseas
Gus Atkinson,Overseas
Hardik Raj,Indian
Hardik Tamore,Indian
Harsh Tyagi,Indian
Hemang Patel,Indian
Himanshu Bisht,Indian
Himanshu Sharma,Indian
Hritik Shokeen,Indian
Irfan Umair,Indian
Ishan Mulchandani,Indian
Ishan Porel,Indian
Izaz Sawariya,Indian
Jack Edwards,Overseas
Jacob Duffy,Overseas
Jagadeesha Suchith,Indian
Jake Fraser-McGurk,Overseas
Jalaj Saxena,Indian
Jamie Smith,Overseas
Jason Behrendorff,Overseas
Jason Holder,Overseas
Jhathavedh Subramanyan,Indian
Jhye Richardson,Overseas
Jikku Bright,Indian
Joe Clarke,Overseas
Jonny Bairstow,Overseas
Jordan Cox,Overseas
Josh Inglis,Overseas
Joshua Little,Overseas
Joshua Tongue,Overseas
K.Ajay Singh,Indian
K.C. Cariappa,Indian
K.L. Shrijith,Indian
K.M Asif,Indian
K.S. Bharat,Indian
Kamlesh Nagarkoti,Indian
Kanishk Chouhan,Indian
Karan Lal,Indian
Karn Sharma,Indian
Kartik Chadha,Indian
Kartik Sharma,Indian
Kartik Tyagi,Indian
Khilan Patel,Indian
Krains Fuletra,Indian
Krish Bhagat,Indian
Kuldeep Sen,Indian
Kuldip Yadav,Indian
Kulwant Khejroliya,Indian
Kumar Kartikeya Singh,Indian
Kunal Chandela,Indian
Kunal Rathore,Indian
Kusal Mendis,Overseas
Kusal Perera,Overseas
Kyle Jamieson,Overseas
Kyle Mayers,Overseas
Kyle Verreynne,Overseas
Lalit Yadav,Indian
Liam Dawson,Overseas
Liam Livingstone,Overseas
Luckyrajsinh Vaghela,Indian
Luke Wood,Overseas
Lungisani Ngidi,Overseas
M.Dheeraj Kumar,Indian
Macneil Noronha,Indian
Madhav Bajaj,Indian
Maheesh Theekshana,Overseas
Mahipal Lomror,Indian
Manan Bhardwaj,Indian
Manan Vohra,Indian
Mangesh Yadav,Indian
Mani Sankar Mura Singh,Indian
Manish Reddy,Indian
Manoj Bhandage,Indian
Manvanth Kumar,Indian
Maramreddy Reddy,Indian
Matheesha Pathirana,Overseas
Matt Henry,Overseas
Matthew Potts,Overseas
Matthew Short,Overseas
Mayank Agarawal,Indian
Mayank Dagar,Indian
Mayank Gusain,Indian
Mayank Rawat,Indian
Md Shoriful Islam,Overseas
Michael Bracewell,Overseas
Miles Hammond,Overseas
Mohamed Ali,Indian
Mohammad Izhar,Indian
Mohammad Waqar Salamkheil,Overseas
Mohit Rathee,Indian
Money Grewal,Indian
Mridul Surroch,Indian
Muhammad Abbas,Overseas
Muhammed Sharafuddeen,Indian
Mujeeb Rahman,Overseas
Mukul Choudhary,Indian
Murugan Ashwin,Indian
Mustafizur Rahman,Overseas
Nahid Rana,Overseas
Naman Pushpak,Indian
Naman Tiwari,Indian
Nasir Lone,Indian
Nathan Smith,Overseas
Navdeep Saini,Indian
Naveen Ul Haq,Overseas
Nikhil Chaudhary,Overseas
Ninad Rathva,Indian
Nishanth Saranu,Indian
Nitin Sai Yadav,Indian
Obed McCoy,Overseas
Olly Stone,Overseas
Onkar Tarmale,Indian
PV.Satyanarayana Raju,Indian
Pankaj Jaswal,Indian
Parikshit Dhanak,Indian
Parikshit Valsangkar,Indian
Parth Rekhade,Indian
Parth Vats,Indian
Pathum Nissanka,Overseas
Player,Indian
Praful Hinge,Indian
Prashant Solanki,Indian
Prashant Veer,Indian
Pravin Dubey,Indian
Prerit Dutta,Indian
Prince Rai,Indian
Prithvi Shaw,Indian
Prithviraj Yarra,Indian
Pukhraj Mann,Indian
Purav Agarwal,Indian
Qais Ahmad,Overseas
Qamran Iqbal,Indian
Quinton De Kock,Overseas
R Rajkumar,Indian
R.S Ambrish,Indian
R.Sonu Yadav,Indian
Rachin Ravindra,Overseas
Raghav Goyal,Indian
Rahmanullah Gurbaz,Overseas
Rahul Buddhi,Indian
Rahul Chahar,Indian
Rahul Raj Namala,Indian
Rahul Tripathi,Indian
Raj Limbani,Indian
Rajan Kumar,Indian
Rajat Verma,Indian
Rajesh Mohanty,Indian
Rajvardhan Hangargekar,Indian
Rakibul Hasan,Overseas
Ravi Bishnoi,Indian
Ravi Kumar,Indian
Ravi Singh,Indian
Reeza Hendricks,Overseas
Rehan Ahmed,Overseas
Richard Gleeson,Overseas
Ricky Bhui,Indian
Riley Meredith,Overseas
Ripal Patel,Indian
Rishabh Chauhan,Indian
Rishad Hossain,Overseas
Ritik Tada,Indian
Rohan Kunnummal,Indian
Rohit Yadav,Indian
Roshan Wagshare,Indian
Roston Chase,Overseas
Ruchit Ahir,Indian
Sabir Khan,Indian
Sachin Dhas,Indian
Sadek Hussain,Indian
Safvan Patel,Indian
Sagar Solanki,Indian
Sahil Parakh,Indian
Sairaj Patil,Indian
Sakib Hussain,Indian
Salil Arora,Indian
Salman Nizar,Indian
Sammar Gajjar,Indian
Sandeep Warrier,Indian
Sanjay Yadav,Indian
Sanvir Singh,Indian
Saqib Mahmood,Overseas
Saransh Jain,Indian
Sarfaraz Khan,Indian
Sarthak Ranjan,Indian
Satvik Deswal,Indian
Saumy Pandey,Indian
Saurav Chuahan,Indian
Sayan Ghosh,Indian
Sayed Irfan Aftab,Indian
Sean Abbott,Overseas
Sediqullah Atal,Overseas
Shai Hope,Overseas
Shamar Joseph,Overseas
Shams Mulani,Indian
Shiva Singh,Indian
Shivalik Sharma,Indian
Shivam Mavi,Indian
Shivam Shukla,Indian
Shivang Kumar,Indian
Shreevatsha Acharya,Indian
Shreyan Chakraborty,Indian
Shreyas Chavan,Indian
Shubham Agrawal,Indian
Shubham Kapse,Indian
Shubham Rana,Indian
Shubhang Hegde,Indian
Siddhant Rana,Indian
Siddharth Joon,Indian
Siddharth Yadav,Indian
Simarjeet Singh,Indian
Sooraj Sangaraju,Indian
Spencer Johnson,Overseas
Srihari Nair,Indian
Steve Smith,Overseas
Sunil Kumar,Indian
Sunny Sandhu,Indian
Sushant Mishra,Indian
Suyash Prabhudessai,Indian
Swastik Chikara,Indian
Swastik Samal,Indian
Tanay Thyagarajann,Indian
Tanmay Agarwal,Indian
Tanush Kotian,Indian
Tanzim Hasan Sakib,Overseas
Taskin Ahmed,Overseas
Tejas Baroka,Indian
Tejasvi Singh,Indian
Tiaan Van Vuuren,Overseas
Tim Robinson,Overseas
Tim Seifert,Overseas
Tom Banton,Overseas
Tom Curran,Overseas
Tom Moores,Overseas
Traveen Mathew,Overseas
Tripuresh Singh,Indian
Tristan Luus,Overseas
Tushar Raheja,Indian
Umesh Yadav,Indian
Utkarsh Singh,Indian
Vansh Bedi,Indian
Varun Raj Singh Bisht,Indian
Venkatesh Iyer,Indian
Vicky Ostwal,Indian
Vidwath Kaverappa,Indian
Vidyadhar Patil,Indian
Vignesh Puthur,Indian
Vihaan Malhotra,Indian
Vijay Kumar,Indian
Vijay Shankar,Indian
Virandeep Singh,Overseas
Virat Singh,Indian
Vishal Mandwal,Indian
Vishal Nishad,Indian
Vishnu Solanki,Indian
Vishvarajsinh Jadeja,Indian
Vivrant Sharma,Indian
Viyaskanth Vijayakanth,Overseas
Wahidullah Zadran,Overseas
Wanindu Hasaranga,Overseas
Waseem Khanday,Indian
Wesley Agar,Overseas
Wiaan Mulder,Overseas
William Orourke,Overseas
William Sutherland,Overseas
Yash Dhull,Indian
Yash Dicholkar,Indian
Yash Raj Punja,Indian
Yashvardhan Dalal,Indian
Yuvraj Chaudhary,Indian
Zak Foulkes,Overseas
nan,Indian
